{"cameraMode":{"drawMode":0,"name":"Shaded","section":"Shading Mode"},"sceneLighting":false,"audioPlay":false,"sceneViewState":{"showFog":true,"showMaterialUpdate":false,"showSkybox":true,"showFlares":true,"showImageEffects":true,"showParticleSystems":true},"in2DMode":false,"pivot":{"x":-3.6500000953674318,"y":0.05342760682106018,"z":-2.585606336593628},"rotation":{"x":-0.47810065746307375,"y":-0.019495543092489244,"z":0.010615425184369088,"w":-0.8780245184898377},"size":8.93179702758789,"orthographic":false}