{"cameraMode":{"drawMode":0,"name":"Shaded","section":"Shading Mode"},"sceneLighting":false,"audioPlay":false,"sceneViewState":{"showFog":true,"showMaterialUpdate":false,"showSkybox":true,"showFlares":true,"showImageEffects":true,"showParticleSystems":true},"in2DMode":false,"pivot":{"x":20.533796310424806,"y":-5.161284446716309,"z":1.1466755867004395},"rotation":{"x":-0.4793822467327118,"y":-0.02211121842265129,"z":0.012083170004189015,"w":-0.8772444128990173},"size":32.01259994506836,"orthographic":false}