{"cameraMode":{"drawMode":0,"name":"Shaded","section":"Shading Mode"},"sceneLighting":false,"audioPlay":false,"sceneViewState":{"showFog":true,"showMaterialUpdate":false,"showSkybox":true,"showFlares":true,"showImageEffects":true,"showParticleSystems":true},"in2DMode":false,"pivot":{"x":-10.237140655517579,"y":3.865234375,"z":20.96798324584961},"rotation":{"x":0.48153504729270937,"y":0.17514117062091828,"z":-0.09886538982391358,"w":0.8530388474464417},"size":15.661656379699707,"orthographic":false}