{"cameraMode":{"drawMode":0,"name":"Shaded","section":"Shading Mode"},"sceneLighting":true,"audioPlay":false,"sceneViewState":{"showFog":true,"showMaterialUpdate":false,"showSkybox":true,"showFlares":true,"showImageEffects":true,"showParticleSystems":true},"in2DMode":false,"pivot":{"x":7.981522083282471,"y":2.15562105178833,"z":-12.613295555114746},"rotation":{"x":0.6788139343261719,"y":0.04505844786763191,"z":-0.041799768805503848,"w":0.7317336797714233},"size":54.66547393798828,"orthographic":false}