{"cameraMode":{"drawMode":0,"name":"Shaded","section":"Shading Mode"},"sceneLighting":false,"audioPlay":false,"sceneViewState":{"showFog":true,"showMaterialUpdate":false,"showSkybox":true,"showFlares":true,"showImageEffects":true,"showParticleSystems":true},"in2DMode":false,"pivot":{"x":198.697265625,"y":0.7130579948425293,"z":-1.0778889656066895},"rotation":{"x":-0.4386836290359497,"y":-0.06460756808519364,"z":0.03163990005850792,"w":-0.8957574963569641},"size":8.31714916229248,"orthographic":false}