{"cameraMode":{"drawMode":0,"name":"Shaded","section":"Shading Mode"},"sceneLighting":false,"audioPlay":false,"sceneViewState":{"showFog":true,"showMaterialUpdate":false,"showSkybox":true,"showFlares":true,"showImageEffects":true,"showParticleSystems":true},"in2DMode":false,"pivot":{"x":132.80923461914063,"y":-1.967820167541504,"z":-5.626392364501953},"rotation":{"x":-0.4386836290359497,"y":-0.06460756808519364,"z":0.03163990005850792,"w":-0.8957574963569641},"size":14.829742431640625,"orthographic":false}