{"cameraMode":{"drawMode":0,"name":"Shaded","section":"Shading Mode"},"sceneLighting":false,"audioPlay":false,"sceneViewState":{"showFog":true,"showMaterialUpdate":false,"showSkybox":true,"showFlares":true,"showImageEffects":true,"showParticleSystems":true},"in2DMode":false,"pivot":{"x":20.380062103271486,"y":-0.8399999141693115,"z":-67.86325073242188},"rotation":{"x":-0.3516238331794739,"y":0.021060597151517869,"z":-0.00791291706264019,"w":-0.9358710646629334},"size":1.7946478128433228,"orthographic":false}