{"cameraMode":{"drawMode":0,"name":"Shaded","section":"Shading Mode"},"sceneLighting":false,"audioPlay":false,"sceneViewState":{"showFog":true,"showMaterialUpdate":false,"showSkybox":true,"showFlares":true,"showImageEffects":true,"showParticleSystems":true},"in2DMode":false,"pivot":{"x":66.69727325439453,"y":0.9630579948425293,"z":-23.07788848876953},"rotation":{"x":-0.4900176525115967,"y":-0.006276228465139866,"z":0.003528094384819269,"w":-0.8716828227043152},"size":35.985652923583987,"orthographic":false}