{"cameraMode":{"drawMode":0,"name":"Shaded","section":"Shading Mode"},"sceneLighting":false,"audioPlay":false,"sceneViewState":{"showFog":true,"showMaterialUpdate":false,"showSkybox":true,"showFlares":true,"showImageEffects":true,"showParticleSystems":true},"in2DMode":false,"pivot":{"x":26.53207015991211,"y":-3.388601303100586,"z":-24.477249145507814},"rotation":{"x":0.4417552649974823,"y":0.05243069678544998,"z":-0.025872208178043367,"w":0.8952285051345825},"size":8.239468574523926,"orthographic":false}