{"cameraMode":{"drawMode":0,"name":"Shaded","section":"Shading Mode"},"sceneLighting":true,"audioPlay":false,"sceneViewState":{"showFog":true,"showMaterialUpdate":false,"showSkybox":true,"showFlares":true,"showImageEffects":true,"showParticleSystems":true},"in2DMode":false,"pivot":{"x":1.608276605606079,"y":3.1224966049194338,"z":2.623164176940918},"rotation":{"x":0.3985707461833954,"y":-0.15562814474105836,"z":0.06882785260677338,"w":0.9012125134468079},"size":21.034286499023439,"orthographic":false}