{"cameraMode":{"drawMode":0,"name":"Shaded","section":"Shading Mode"},"sceneLighting":false,"audioPlay":false,"sceneViewState":{"showFog":true,"showMaterialUpdate":false,"showSkybox":true,"showFlares":true,"showImageEffects":true,"showParticleSystems":true},"in2DMode":false,"pivot":{"x":89.38227844238281,"y":-0.8804340362548828,"z":-46.1622314453125},"rotation":{"x":0.24965468049049378,"y":0.04531318321824074,"z":-0.0116964066401124,"w":0.9672034382820129},"size":49.67131423950195,"orthographic":false}