{"cameraMode":{"drawMode":0,"name":"Shaded","section":"Shading Mode"},"sceneLighting":false,"audioPlay":false,"sceneViewState":{"showFog":true,"showMaterialUpdate":false,"showSkybox":true,"showFlares":true,"showImageEffects":true,"showParticleSystems":true},"in2DMode":false,"pivot":{"x":29.69470977783203,"y":-13.29672622680664,"z":-49.3819580078125},"rotation":{"x":0.27052509784698489,"y":0.6692252159118652,"z":-0.287610799074173,"w":0.6294710636138916},"size":24.38797378540039,"orthographic":false}