{"cameraMode":{"drawMode":0,"name":"Shaded","section":"Shading Mode"},"sceneLighting":false,"audioPlay":false,"sceneViewState":{"showFog":true,"showMaterialUpdate":false,"showSkybox":true,"showFlares":true,"showImageEffects":true,"showParticleSystems":true},"in2DMode":false,"pivot":{"x":220.6833038330078,"y":-2.0602595806121828,"z":-3.039505958557129},"rotation":{"x":-0.2889556586742401,"y":-0.49213069677352908,"z":0.17735904455184937,"w":-0.8017829060554504},"size":8.982815742492676,"orthographic":false}