{"cameraMode":{"drawMode":0,"name":"Shaded","section":"Shading Mode"},"sceneLighting":false,"audioPlay":false,"sceneViewState":{"showFog":true,"showMaterialUpdate":false,"showSkybox":true,"showFlares":true,"showImageEffects":true,"showParticleSystems":true},"in2DMode":false,"pivot":{"x":-0.7423858642578125,"y":72.87530517578125,"z":-84.73281860351563},"rotation":{"x":-0.4357742667198181,"y":-2.77195972842037e-8,"z":-1.4399689440836028e-8,"w":-0.900056004524231},"size":379.8854675292969,"orthographic":false}