{"cameraMode":{"drawMode":0,"name":"Shaded","section":"Shading Mode"},"sceneLighting":false,"audioPlay":false,"sceneViewState":{"showFog":true,"showMaterialUpdate":false,"showSkybox":true,"showFlares":true,"showImageEffects":true,"showParticleSystems":true},"in2DMode":false,"pivot":{"x":84.7352523803711,"y":-0.9856010675430298,"z":1.8981040716171265},"rotation":{"x":-0.3935715854167938,"y":-0.13031120598316194,"z":0.05646664276719093,"w":-0.9082576632499695},"size":15.577282905578614,"orthographic":false}