{"cameraMode":{"drawMode":0,"name":"Shaded","section":"Shading Mode"},"sceneLighting":false,"audioPlay":false,"sceneViewState":{"showFog":true,"showMaterialUpdate":false,"showSkybox":true,"showFlares":true,"showImageEffects":true,"showParticleSystems":true},"in2DMode":false,"pivot":{"x":2.9006259441375734,"y":-0.05685408413410187,"z":-3.717911720275879},"rotation":{"x":0.5125985145568848,"y":0.0010436088778078557,"z":-0.0006233491585589945,"w":0.8586275577545166},"size":18.762235641479493,"orthographic":false}