{"cameraMode":{"drawMode":0,"name":"Shaded","section":"Shading Mode"},"sceneLighting":false,"audioPlay":false,"sceneViewState":{"showFog":true,"showMaterialUpdate":false,"showSkybox":true,"showFlares":true,"showImageEffects":true,"showParticleSystems":true},"in2DMode":false,"pivot":{"x":87.11710357666016,"y":-2.5219614505767824,"z":-22.721677780151368},"rotation":{"x":-0.2539933919906616,"y":-0.04756343737244606,"z":0.01250658929347992,"w":-0.9659548401832581},"size":8.903031349182129,"orthographic":false}