{"cameraMode":{"drawMode":0,"name":"Shaded","section":"Shading Mode"},"sceneLighting":false,"audioPlay":false,"sceneViewState":{"showFog":true,"showMaterialUpdate":false,"showSkybox":true,"showFlares":true,"showImageEffects":true,"showParticleSystems":true},"in2DMode":false,"pivot":{"x":3.8199996948242189,"y":-0.6200000047683716,"z":-0.3100000023841858},"rotation":{"x":0.5364220142364502,"y":0.021515564993023874,"z":-0.013681719079613686,"w":0.8435646891593933},"size":4.0416579246521,"orthographic":false}