{"cameraMode":{"drawMode":0,"name":"Shaded","section":"Shading Mode"},"sceneLighting":false,"audioPlay":false,"sceneViewState":{"showFog":true,"showMaterialUpdate":false,"showSkybox":true,"showFlares":true,"showImageEffects":true,"showParticleSystems":true},"in2DMode":false,"pivot":{"x":15.451950073242188,"y":0.06862594187259674,"z":-19.556941986083986},"rotation":{"x":-0.4829363226890564,"y":-0.0052550616674125198,"z":0.0028975617606192829,"w":-0.8756349682807922},"size":18.598827362060548,"orthographic":false}