{"cameraMode":{"drawMode":0,"name":"Shaded","section":"Shading Mode"},"sceneLighting":false,"audioPlay":false,"sceneViewState":{"showFog":true,"showMaterialUpdate":false,"showSkybox":true,"showFlares":true,"showImageEffects":true,"showParticleSystems":true},"in2DMode":false,"pivot":{"x":2.053953170776367,"y":-2.3899266719818117,"z":-1.577826738357544},"rotation":{"x":0.43330085277557375,"y":0.26313936710357668,"z":-0.13390092551708222,"w":0.8515154719352722},"size":11.879585266113282,"orthographic":false}