{"cameraMode":{"drawMode":0,"name":"Shaded","section":"Shading Mode"},"sceneLighting":false,"audioPlay":false,"sceneViewState":{"showFog":true,"showMaterialUpdate":false,"showSkybox":true,"showFlares":true,"showImageEffects":true,"showParticleSystems":true},"in2DMode":false,"pivot":{"x":0.6097188591957092,"y":-8.980709075927735,"z":-42.779945373535159},"rotation":{"x":0.37122195959091189,"y":0.01810454949736595,"z":-0.007239987142384052,"w":0.928339421749115},"size":21.115930557250978,"orthographic":false}