{"cameraMode":{"drawMode":0,"name":"Shaded","section":"Shading Mode"},"sceneLighting":false,"audioPlay":false,"sceneViewState":{"showFog":true,"showMaterialUpdate":false,"showSkybox":true,"showFlares":true,"showImageEffects":true,"showParticleSystems":true},"in2DMode":false,"pivot":{"x":198.697265625,"y":0.9630579948425293,"z":-23.07788848876953},"rotation":{"x":0.44361650943756106,"y":-0.029566660523414613,"z":0.01464475691318512,"w":0.8956091403961182},"size":49.67132568359375,"orthographic":false}