{"cameraMode":{"drawMode":0,"name":"Shaded","section":"Shading Mode"},"sceneLighting":false,"audioPlay":false,"sceneViewState":{"showFog":true,"showMaterialUpdate":false,"showSkybox":true,"showFlares":true,"showImageEffects":true,"showParticleSystems":true},"in2DMode":false,"pivot":{"x":19.9830265045166,"y":-13.742713928222657,"z":-3.0567216873168947},"rotation":{"x":-0.4116417467594147,"y":-0.5882861018180847,"z":0.48615145683288576,"w":-0.4981238543987274},"size":27.601289749145509,"orthographic":false}