{"cameraMode":{"drawMode":0,"name":"Shaded","section":"Shading Mode"},"sceneLighting":false,"audioPlay":false,"sceneViewState":{"showFog":true,"showMaterialUpdate":false,"showSkybox":true,"showFlares":true,"showImageEffects":true,"showParticleSystems":true},"in2DMode":false,"pivot":{"x":-19.17855453491211,"y":0.7223654985427856,"z":-2.281770706176758},"rotation":{"x":0.5364220142364502,"y":0.021515564993023874,"z":-0.013681719079613686,"w":0.8435646891593933},"size":8.123680114746094,"orthographic":false}