{"cameraMode":{"drawMode":0,"name":"Shaded","section":"Shading Mode"},"sceneLighting":true,"audioPlay":false,"sceneViewState":{"showFog":true,"showMaterialUpdate":false,"showSkybox":true,"showFlares":true,"showImageEffects":true,"showParticleSystems":true},"in2DMode":false,"pivot":{"x":38.204219818115237,"y":1.2787246704101563,"z":2.1358847618103029},"rotation":{"x":-0.6597146987915039,"y":-0.05015664920210838,"z":0.044205233454704288,"w":-0.7485364079475403},"size":50.158447265625,"orthographic":false}