{"cameraMode":{"drawMode":0,"name":"Shaded","section":"Shading Mode"},"sceneLighting":false,"audioPlay":false,"sceneViewState":{"showFog":true,"showMaterialUpdate":false,"showSkybox":true,"showFlares":true,"showImageEffects":true,"showParticleSystems":true},"in2DMode":false,"pivot":{"x":44.69727325439453,"y":0.9630579948425293,"z":-1.0778889656066895},"rotation":{"x":0.4035469591617584,"y":0.16060152649879456,"z":-0.07218301296234131,"w":0.8978567123413086},"size":49.67133712768555,"orthographic":false}