{"cameraMode":{"drawMode":0,"name":"Shaded","section":"Shading Mode"},"sceneLighting":false,"audioPlay":false,"sceneViewState":{"showFog":true,"showMaterialUpdate":false,"showSkybox":true,"showFlares":true,"showImageEffects":true,"showParticleSystems":true},"in2DMode":false,"pivot":{"x":0.6972746849060059,"y":0.9630579948425293,"z":-1.0778889656066895},"rotation":{"x":0.5254137516021729,"y":-0.004070923198014498,"z":0.0025135797914117576,"w":0.8508334755897522},"size":49.671329498291019,"orthographic":false}