{"cameraMode":{"drawMode":0,"name":"Shaded","section":"Shading Mode"},"sceneLighting":false,"audioPlay":false,"sceneViewState":{"showFog":true,"showMaterialUpdate":false,"showSkybox":true,"showFlares":true,"showImageEffects":true,"showParticleSystems":true},"in2DMode":false,"pivot":{"x":222.99208068847657,"y":-1.381277084350586,"z":-26.952838897705079},"rotation":{"x":0.5289369225502014,"y":0.05972234532237053,"z":-0.037351761013269427,"w":0.8457327485084534},"size":16.38422393798828,"orthographic":false}