{"cameraMode":{"drawMode":0,"name":"Shaded","section":"Shading Mode"},"sceneLighting":false,"audioPlay":false,"sceneViewState":{"showFog":true,"showMaterialUpdate":false,"showSkybox":true,"showFlares":true,"showImageEffects":true,"showParticleSystems":true},"in2DMode":false,"pivot":{"x":106.6008529663086,"y":-3.007091522216797,"z":-9.241164207458496},"rotation":{"x":-0.5207604765892029,"y":-0.03966815769672394,"z":0.02423297055065632,"w":-0.852436363697052},"size":24.796796798706056,"orthographic":false}