{"cameraMode":{"drawMode":0,"name":"Shaded","section":"Shading Mode"},"sceneLighting":false,"audioPlay":false,"sceneViewState":{"showFog":true,"showMaterialUpdate":false,"showSkybox":true,"showFlares":true,"showImageEffects":true,"showParticleSystems":true},"in2DMode":false,"pivot":{"x":67.18119049072266,"y":-2.03668212890625,"z":-39.812679290771487},"rotation":{"x":0.3101755380630493,"y":0.6475238800048828,"z":-0.326805979013443,"w":0.6145745515823364},"size":49.85276794433594,"orthographic":false}