{"cameraMode":{"drawMode":0,"name":"Shaded","section":"Shading Mode"},"sceneLighting":false,"audioPlay":false,"sceneViewState":{"showFog":true,"showMaterialUpdate":false,"showSkybox":true,"showFlares":true,"showImageEffects":true,"showParticleSystems":true},"in2DMode":false,"pivot":{"x":110.02587127685547,"y":-0.20868802070617677,"z":-24.64712142944336},"rotation":{"x":0.6267238855361939,"y":0.009349451400339604,"z":-0.007520781829953194,"w":0.779149055480957},"size":427.3927307128906,"orthographic":false}