{"cameraMode":{"drawMode":0,"name":"Shaded","section":"Shading Mode"},"sceneLighting":false,"audioPlay":false,"sceneViewState":{"showFog":true,"showMaterialUpdate":false,"showSkybox":true,"showFlares":true,"showImageEffects":true,"showParticleSystems":true},"in2DMode":false,"pivot":{"x":-179.1056365966797,"y":-7.648185729980469,"z":-187.8328857421875},"rotation":{"x":-0.0007661883719265461,"y":0.9589800238609314,"z":-0.2834607660770416,"w":-0.0025913540739566089},"size":630.39892578125,"orthographic":false}