{"cameraMode":{"drawMode":0,"name":"Shaded","section":"Shading Mode"},"sceneLighting":false,"audioPlay":false,"sceneViewState":{"showFog":true,"showMaterialUpdate":false,"showSkybox":true,"showFlares":true,"showImageEffects":true,"showParticleSystems":true},"in2DMode":false,"pivot":{"x":66.69727325439453,"y":0.7130579948425293,"z":-1.0778889656066895},"rotation":{"x":-0.4438277781009674,"y":-0.010754034854471684,"z":0.005326226353645325,"w":-0.8960317969322205},"size":17.0452938079834,"orthographic":false}