{"cameraMode":{"drawMode":0,"name":"Shaded","section":"Shading Mode"},"sceneLighting":false,"audioPlay":false,"sceneViewState":{"showFog":true,"showMaterialUpdate":false,"showSkybox":true,"showFlares":true,"showImageEffects":true,"showParticleSystems":true},"in2DMode":false,"pivot":{"x":22.697275161743165,"y":0.9630579948425293,"z":-1.0778889656066895},"rotation":{"x":-0.726646900177002,"y":-0.01318700797855854,"z":0.0139534967020154,"w":-0.6867427825927734},"size":49.671329498291019,"orthographic":false}