{"cameraMode":{"drawMode":0,"name":"Shaded","section":"Shading Mode"},"sceneLighting":false,"audioPlay":false,"sceneViewState":{"showFog":true,"showMaterialUpdate":false,"showSkybox":true,"showFlares":true,"showImageEffects":true,"showParticleSystems":true},"in2DMode":false,"pivot":{"x":-2.2100000381469728,"y":0.05342760682106018,"z":-2.585606336593628},"rotation":{"x":0.5364220142364502,"y":0.021515564993023874,"z":-0.013681719079613686,"w":0.8435646891593933},"size":4.041658401489258,"orthographic":false}