{"cameraMode":{"drawMode":0,"name":"Shaded","section":"Shading Mode"},"sceneLighting":false,"audioPlay":false,"sceneViewState":{"showFog":true,"showMaterialUpdate":false,"showSkybox":true,"showFlares":true,"showImageEffects":true,"showParticleSystems":true},"in2DMode":false,"pivot":{"x":44.64310073852539,"y":1.3905776739120484,"z":-22.08933448791504},"rotation":{"x":0.24893416464328767,"y":0.7350172400474548,"z":-0.3477371633052826,"w":0.5261752009391785},"size":14.117971420288086,"orthographic":true}