{"cameraMode":{"drawMode":0,"name":"Shaded","section":"Shading Mode"},"sceneLighting":false,"audioPlay":false,"sceneViewState":{"showFog":true,"showMaterialUpdate":false,"showSkybox":true,"showFlares":true,"showImageEffects":true,"showParticleSystems":true},"in2DMode":false,"pivot":{"x":-19.899999618530275,"y":0.6499999165534973,"z":-2.3996353149414064},"rotation":{"x":0.5364220142364502,"y":0.021515564993023874,"z":-0.013681719079613686,"w":0.8435646891593933},"size":3.512202024459839,"orthographic":false}