{"cameraMode":{"drawMode":0,"name":"Shaded","section":"Shading Mode"},"sceneLighting":false,"audioPlay":false,"sceneViewState":{"showFog":true,"showMaterialUpdate":false,"showSkybox":true,"showFlares":true,"showImageEffects":true,"showParticleSystems":true},"in2DMode":false,"pivot":{"x":175.15805053710938,"y":-2.1282730102539064,"z":-24.245223999023439},"rotation":{"x":0.44361650943756106,"y":-0.029566660523414613,"z":0.01464475691318512,"w":0.8956091403961182},"size":16.477447509765626,"orthographic":false}