{"cameraMode":{"drawMode":0,"name":"Shaded","section":"Shading Mode"},"sceneLighting":true,"audioPlay":false,"sceneViewState":{"showFog":true,"showMaterialUpdate":false,"showSkybox":true,"showFlares":true,"showImageEffects":true,"showParticleSystems":true},"in2DMode":false,"pivot":{"x":-2.379530906677246,"y":-11.413025856018067,"z":8.474185943603516},"rotation":{"x":0.3985707461833954,"y":-0.15562814474105836,"z":0.06882785260677338,"w":0.9012125134468079},"size":29.47644805908203,"orthographic":false}