{"cameraMode":{"drawMode":0,"name":"Shaded","section":"Shading Mode"},"sceneLighting":true,"audioPlay":false,"sceneViewState":{"showFog":true,"showMaterialUpdate":false,"showSkybox":true,"showFlares":true,"showImageEffects":true,"showParticleSystems":true},"in2DMode":false,"pivot":{"x":1.9760832786560059,"y":-4.015318870544434,"z":1.8254015445709229},"rotation":{"x":0.5058627724647522,"y":-0.006469480227679014,"z":0.0037940414622426035,"w":0.8625813722610474},"size":24.046449661254884,"orthographic":false}