{"cameraMode":{"drawMode":0,"name":"Shaded","section":"Shading Mode"},"sceneLighting":false,"audioPlay":false,"sceneViewState":{"showFog":true,"showMaterialUpdate":false,"showSkybox":true,"showFlares":true,"showImageEffects":true,"showParticleSystems":true},"in2DMode":false,"pivot":{"x":20.380062103271486,"y":-0.8399999141693115,"z":-67.86325073242188},"rotation":{"x":0.48153504729270937,"y":0.17514117062091828,"z":-0.09886538982391358,"w":0.8530388474464417},"size":2.994647741317749,"orthographic":false}