{"cameraMode":{"drawMode":0,"name":"Shaded","section":"Shading Mode"},"sceneLighting":false,"audioPlay":false,"sceneViewState":{"showFog":true,"showMaterialUpdate":false,"showSkybox":true,"showFlares":true,"showImageEffects":true,"showParticleSystems":true},"in2DMode":false,"pivot":{"x":40.91044235229492,"y":-4.160255432128906,"z":-51.95844650268555},"rotation":{"x":0.2665552794933319,"y":0.7128305435180664,"z":-0.3464498519897461,"w":0.5484464168548584},"size":19.689533233642579,"orthographic":false}