{"cameraMode":{"drawMode":0,"name":"Shaded","section":"Shading Mode"},"sceneLighting":false,"audioPlay":false,"sceneViewState":{"showFog":true,"showMaterialUpdate":false,"showSkybox":true,"showFlares":true,"showImageEffects":true,"showParticleSystems":true},"in2DMode":false,"pivot":{"x":58.394866943359378,"y":6.595312595367432,"z":-11.341232299804688},"rotation":{"x":0.6951626539230347,"y":0.03015763871371746,"z":-0.029214126989245416,"w":0.7176253199577332},"size":29.32858657836914,"orthographic":true}