{"cameraMode":{"drawMode":0,"name":"Shaded","section":"Shading Mode"},"sceneLighting":false,"audioPlay":false,"sceneViewState":{"showFog":true,"showMaterialUpdate":false,"showSkybox":true,"showFlares":true,"showImageEffects":true,"showParticleSystems":true},"in2DMode":false,"pivot":{"x":110.69728088378906,"y":0.7130579948425293,"z":-23.07788848876953},"rotation":{"x":0.6267238855361939,"y":0.009349451400339604,"z":-0.007520781829953194,"w":0.779149055480957},"size":49.85276412963867,"orthographic":false}