{"cameraMode":{"drawMode":0,"name":"Shaded","section":"Shading Mode"},"sceneLighting":false,"audioPlay":false,"sceneViewState":{"showFog":true,"showMaterialUpdate":false,"showSkybox":true,"showFlares":true,"showImageEffects":true,"showParticleSystems":true},"in2DMode":false,"pivot":{"x":0.7088106870651245,"y":1.4729576110839844,"z":0.48013973236083987},"rotation":{"x":-0.4357742667198181,"y":-2.77195972842037e-8,"z":-1.4399689440836028e-8,"w":-0.900056004524231},"size":2.8578836917877199,"orthographic":false}