{"cameraMode":{"drawMode":0,"name":"Shaded","section":"Shading Mode"},"sceneLighting":true,"audioPlay":false,"sceneViewState":{"showFog":true,"showMaterialUpdate":false,"showSkybox":true,"showFlares":true,"showImageEffects":true,"showParticleSystems":true},"in2DMode":false,"pivot":{"x":1.179999828338623,"y":0.2200000286102295,"z":-2.180000066757202},"rotation":{"x":-0.3516238331794739,"y":0.021060597151517869,"z":-0.00791291706264019,"w":-0.9358710646629334},"size":10.052886009216309,"orthographic":false}