{"cameraMode":{"drawMode":0,"name":"Shaded","section":"Shading Mode"},"sceneLighting":false,"audioPlay":false,"sceneViewState":{"showFog":true,"showMaterialUpdate":false,"showSkybox":true,"showFlares":true,"showImageEffects":true,"showParticleSystems":true},"in2DMode":false,"pivot":{"x":2.1528351306915285,"y":0.7864503264427185,"z":-22.960899353027345},"rotation":{"x":-0.06744410842657089,"y":0.9232956171035767,"z":-0.3264978528022766,"w":-0.190723717212677},"size":9.330131530761719,"orthographic":true}