{"cameraMode":{"drawMode":0,"name":"Shaded","section":"Shading Mode"},"sceneLighting":false,"audioPlay":false,"sceneViewState":{"showFog":true,"showMaterialUpdate":false,"showSkybox":true,"showFlares":true,"showImageEffects":true,"showParticleSystems":true},"in2DMode":false,"pivot":{"x":46.29400634765625,"y":-4.363049507141113,"z":-2.7305984497070314},"rotation":{"x":0.48312607407569888,"y":0.043305885046720508,"z":-0.023934274911880494,"w":0.8741515874862671},"size":18.292760848999025,"orthographic":false}