{"cameraMode":{"drawMode":0,"name":"Shaded","section":"Shading Mode"},"sceneLighting":false,"audioPlay":false,"sceneViewState":{"showFog":true,"showMaterialUpdate":false,"showSkybox":true,"showFlares":true,"showImageEffects":true,"showParticleSystems":true},"in2DMode":false,"pivot":{"x":-8.579452514648438,"y":5.980731010437012,"z":19.07378387451172},"rotation":{"x":0.19124047458171845,"y":0.18283797800540925,"z":-0.036283157765865329,"w":0.9636809825897217},"size":16.768465042114259,"orthographic":false}