{"cameraMode":{"drawMode":0,"name":"Shaded","section":"Shading Mode"},"sceneLighting":false,"audioPlay":false,"sceneViewState":{"showFog":true,"showMaterialUpdate":false,"showSkybox":true,"showFlares":true,"showImageEffects":true,"showParticleSystems":true},"in2DMode":false,"pivot":{"x":2.131314277648926,"y":-12.17291259765625,"z":-2.99283504486084},"rotation":{"x":0.6341879963874817,"y":0.04262617602944374,"z":-0.035053055733442309,"w":0.771206796169281},"size":30.473005294799806,"orthographic":false}